name,arch,n_keys,n_experts,expert_dim,n_heads,top_k,lambda_aux,router_split,unif_mode,activation,seed,task,n_params,grok_step,final_train_acc,final_test_acc,final_train_loss,final_test_loss,wall_time_s,subdir,tt_rank,tucker_rank,dead_frac_1,dead_frac_2,route_entropy_1,route_entropy_2
mlp_n16_m8_h4_k4_lam0.001_natural_single_f0.8_wd1_rk1_s0,mlp,16,256,8,4,4,0.001,natural,token,relu,0,single,34113,1600,1.0,0.995301487862177,0.00027199473616776955,0.025987793900766873,50.18336725234985,runs,16,32,,,,
mlp_n16_m8_h4_k4_lam0.001_natural_single_f0.8_wd1_rk1_s1,mlp,16,256,8,4,4,0.001,natural,token,relu,1,single,34113,1700,1.0,0.9968676585747847,0.00029799335445193057,0.02610444537157553,48.92170858383179,runs,16,32,,,,
mlp_n16_m8_h4_k4_lam0.001_natural_single_f0.8_wd1_rk1_s2,mlp,16,256,8,4,4,0.001,natural,token,relu,2,single,34113,1700,1.0,0.9960845732184808,0.00028179029711192574,0.026850348631665404,53.26954126358032,runs,16,32,,,,
moe_cp_n16_m8_h4_k4_lam0.001_natural_single_f0.8_wd1_rk1_s0,moe_cp,16,256,8,4,4,0.001,natural,token,relu,0,single,61952,2100,1.0,1.0,2.4523315800794246e-05,0.00022197425505474571,686.9826498031616,runs,16,32,0.0,0.0,1.31652771608786,1.3156622582328135
moe_cp_n16_m8_h4_k4_lam0.001_natural_single_f0.8_wd1_rk1_s1,moe_cp,16,256,8,4,4,0.001,natural,token,relu,1,single,61952,2600,1.0,1.0,2.527656603460503e-05,0.0001246591237903855,684.918114900589,runs,16,32,0.0,0.0,1.30494354351712,1.313650767612181
moe_cp_n16_m8_h4_k4_lam0.001_natural_single_f0.8_wd1_rk1_s2,moe_cp,16,256,8,4,4,0.001,natural,token,relu,2,single,61952,2100,1.0,1.0,2.7395347958385972e-05,0.00036399314995379586,684.9714021682739,runs,16,32,0.0,0.0,1.312564222662719,1.3238879880065673
moe_cp_n32_m8_h4_k4_lam0.001_natural_single_f0.8_wd1_rk1_s0,moe_cp,32,1024,8,4,4,0.001,natural,token,relu,0,single,80512,2100,1.0,1.0,1.2233547731409805e-05,7.585430271287588e-05,675.6700582504272,runs,16,32,0.0,0.0,1.3166443427210828,1.319809802072014
moe_cp_n32_m8_h4_k4_lam0.001_natural_single_f0.8_wd1_rk1_s1,moe_cp,32,1024,8,4,4,0.001,natural,token,relu,1,single,80512,2000,1.0,1.0,1.1800383630186334e-05,5.7322853416227793e-05,675.2426223754883,runs,16,32,0.0,0.0,1.324666094318778,1.3162239912075504
moe_cp_n32_m8_h4_k4_lam0.001_natural_single_f0.8_wd1_rk1_s2,moe_cp,32,1024,8,4,4,0.001,natural,token,relu,2,single,80512,2100,1.0,1.0,1.1285564557221142e-05,4.2171435563379465e-05,678.7152371406555,runs,16,32,0.0,0.0,1.3198417021847526,1.3203449151054583
moe_cp_n4_m8_h4_k4_lam0.001_natural_single_f0.8_wd1_rk1_s0,moe_cp,4,16,8,4,4,0.001,natural,token,relu,0,single,48032,7900,1.0,0.9541895066562255,5.118004828180919e-05,0.13814176053112154,604.5768821239471,runs,16,32,0.0,0.0,1.196098421648587,1.1702980548271755
moe_cp_n4_m8_h4_k4_lam0.001_natural_single_f0.8_wd1_rk1_s1,moe_cp,4,16,8,4,4,0.001,natural,token,relu,1,single,48032,-1,1.0,0.7126076742364917,6.18566500457898e-05,1.1318013333863548,570.2259728908539,runs,16,32,0.0,0.0,1.1646625512599833,1.171935911876536
moe_cp_n4_m8_h4_k4_lam0.001_natural_single_f0.8_wd1_rk1_s2,moe_cp,4,16,8,4,4,0.001,natural,token,relu,2,single,48032,-1,1.0,0.6072826938136257,7.408169105948039e-05,1.6654466645458106,577.0189032554626,runs,16,32,0.0,0.0,1.1709150981021774,1.1751837648999226
moe_cp_n64_m8_h4_k4_lam0.001_natural_single_f0.8_wd1_rk1_s0,moe_cp,64,4096,8,4,4,0.001,natural,token,relu,0,single,117632,1900,1.0,1.0,1.1965125157327788e-05,4.244210692990452e-05,767.6069719791412,runs,16,32,0.0,0.0,1.3198868135883512,1.3270264333505695
moe_cp_n64_m8_h4_k4_lam0.001_natural_single_f0.8_wd1_rk1_s1,moe_cp,64,4096,8,4,4,0.001,natural,token,relu,1,single,117632,2100,1.0,1.0,8.637787581832164e-06,2.9566640161217053e-05,768.8428592681885,runs,16,32,0.0,0.0,1.3195890286430159,1.327379993371428
moe_cp_n64_m8_h4_k4_lam0.001_natural_single_f0.8_wd1_rk1_s2,moe_cp,64,4096,8,4,4,0.001,natural,token,relu,2,single,117632,2000,1.0,1.0,8.2512999275299e-06,2.083018970564183e-05,768.5204341411591,runs,16,32,0.0,0.0,1.3259250608156372,1.3245127280341569
moe_cp_n8_m8_h4_k4_lam0.001_natural_single_f0.8_wd1_rk1_s0,moe_cp,8,64,8,4,4,0.001,natural,token,relu,0,single,52672,2600,1.0,1.0,0.0002131940947405217,0.0014011103750302069,629.0827848911285,runs,16,32,0.0,0.0,1.3313882214244992,1.3087487607361128
moe_cp_n8_m8_h4_k4_lam0.001_natural_single_f0.8_wd1_rk1_s1,moe_cp,8,64,8,4,4,0.001,natural,token,relu,1,single,52672,3400,1.0,0.990602975724354,0.0020701302422417535,0.062175048732533524,629.1056587696075,runs,16,32,0.0,0.0,1.3244230178390415,1.3144844917097502
moe_cp_n8_m8_h4_k4_lam0.001_natural_single_f0.8_wd1_rk1_s2,moe_cp,8,64,8,4,4,0.001,natural,token,relu,2,single,52672,2900,1.0,0.9882537196554424,0.001678402425025645,0.05546691703348302,631.4839749336243,runs,16,32,0.0,0.0,1.3158473435616342,1.3104615589681532
moe_full_n16_m8_h4_k4_lam0.001_natural_single_f0.8_wd1_rk0_s0,moe_full,16,256,8,4,4,0.001,natural,token,relu,0,single,739712,-1,1.0,0.007047768206734534,0.00026028295153796645,14.786349231597494,602.04816365242,runs,16,32,0.0,0.0,0.3377286692421479,0.3380692189516892
moe_full_n16_m8_h4_k4_lam0.001_natural_single_f0.8_wd1_rk1_s0,moe_full,16,256,8,4,4,0.001,natural,token,relu,0,single,739712,-1,1.0,0.00039154267815191856,0.1226948846862763,7.71819251052271,641.2083511352539,runs,16,32,0.0,0.0,1.1982840050619579,1.1992167509454503
moe_full_n16_m8_h4_k4_lam0.001_natural_single_f0.8_wd1_rk1_s1,moe_full,16,256,8,4,4,0.001,natural,token,relu,1,single,739712,-1,1.0,0.0,0.11702722819249418,7.72964436912686,640.6192071437836,runs,16,32,0.0,0.0,1.1990429690453859,1.1990285630475963
moe_full_n16_m8_h4_k4_lam0.001_natural_single_f0.8_wd1_rk1_s2,moe_full,16,256,8,4,4,0.001,natural,token,relu,2,single,739712,-1,1.0,0.00274079874706343,0.12614158447385126,7.555630414301096,640.5411717891693,runs,16,32,0.0,0.0,1.198674482395173,1.199868341061361
moe_full_n32_m8_h4_k4_lam0.001_natural_single_f0.8_wd1_rk1_s0,moe_full,32,1024,8,4,4,0.001,natural,token,relu,0,single,2929920,-1,0.9516397454723446,0.005090054815974941,0.1971972823551456,13.455544611393892,2173.0858488082886,runs,16,32,0.0,0.0,1.267430107019756,1.2668610324276317
moe_full_n32_m8_h4_k4_lam0.001_natural_single_f0.8_wd1_rk1_s1,moe_full,32,1024,8,4,4,0.001,natural,token,relu,1,single,2929920,-1,0.9516397454723446,0.005090054815974941,0.1997613384976903,13.630411242169146,2170.933492422104,runs,16,32,0.0,0.0,1.2673799638899783,1.26840534380304
moe_full_n32_m8_h4_k4_lam0.001_natural_single_f0.8_wd1_rk1_s2,moe_full,32,1024,8,4,4,0.001,natural,token,relu,2,single,2929920,-1,0.9557513460597161,0.004306969459671104,0.1905004799161772,13.328054644675019,2166.1437571048737,runs,16,32,0.0,0.0,1.2671064847189142,1.2686277785813933
moe_full_n4_m8_h4_k4_lam0.001_natural_single_f0.8_wd1_rk1_s0,moe_full,4,16,8,4,4,0.001,natural,token,relu,0,single,48944,2700,1.0,0.9984338292873923,0.003966235787741297,0.03661718644849379,127.99346113204956,runs,16,32,0.0,0.0,1.1500962812904838,1.1225163331839536
moe_full_n4_m8_h4_k4_lam0.001_natural_single_f0.8_wd1_rk1_s1,moe_full,4,16,8,4,4,0.001,natural,token,relu,1,single,48944,2500,1.0,0.9972592012529365,0.004423986669270594,0.051139604513217626,129.60889339447021,runs,16,32,0.0,0.0,1.090529766776603,1.1244584468641692
moe_full_n4_m8_h4_k4_lam0.001_natural_single_f0.8_wd1_rk1_s2,moe_full,4,16,8,4,4,0.001,natural,token,relu,2,single,48944,3000,1.0,0.990602975724354,0.005609836569033122,0.08102269422849269,126.63559222221375,runs,16,32,0.0,0.0,1.0944683082382498,1.098360939979628
moe_full_n8_m8_h4_k4_lam0.001_natural_single_f0.8_wd1_rk1_s0,moe_full,8,64,8,4,4,0.001,natural,token,relu,0,single,188544,9700,1.0,0.9972592012529365,0.017093892221175393,0.06451173452259323,259.23652172088623,runs,16,32,0.0,0.0,1.3060496114173972,1.3039640955809597
moe_full_n8_m8_h4_k4_lam0.001_natural_single_f0.8_wd1_rk1_s1,moe_full,8,64,8,4,4,0.001,natural,token,relu,1,single,188544,6300,0.9997063142437592,0.9945184025058731,0.021137520616916948,0.05761614794271853,259.9420738220215,runs,16,32,0.0,0.0,1.309761883144661,1.2750007545614739
moe_full_n8_m8_h4_k4_lam0.001_natural_single_f0.8_wd1_rk1_s2,moe_full,8,64,8,4,4,0.001,natural,token,relu,2,single,188544,7200,1.0,0.9972592012529365,0.02096212184493354,0.060544485213146045,259.8405930995941,runs,16,32,0.0,0.0,1.2865396759431433,1.2545348283071769
moe_hd_n16_m8_h4_k4_lam0.001_interleave_single_f0.8_wd1_rk1_s0,moe_hd,16,256,8,4,4,0.001,interleave,token,relu,0,single,59792,-1,0.9921683798335781,0.8230227094753328,0.2244596581218643,0.7216330388606108,203.0022394657135,runs,16,32,0.0,0.0,1.3098837801000227,1.3333727853469406
moe_hd_n16_m8_h4_k4_lam0.001_natural_single_f0.4_wd1_rk1_s0,moe_hd,16,256,8,4,4,0.001,natural,token,relu,0,single,59792,-1,0.6944009397024276,0.0037854066048818693,1.6023220698536609,7.551497132391333,144.58382868766785,runs,16,32,0.0,0.0,1.1483173896435686,1.1728011699446927
moe_hd_n16_m8_h4_k4_lam0.001_natural_single_f0.6_wd1_rk1_s0,moe_hd,16,256,8,4,4,0.001,natural,token,relu,0,single,59792,8200,0.9986946873776269,0.9970634299138607,0.08706431207730306,0.1372866111522367,158.99787974357605,runs,16,32,0.0,0.0,1.2985436377766941,1.2502560887772527
moe_hd_n16_m8_h4_k4_lam0.001_natural_single_f0.8_wd1_rk0_s0,moe_hd,16,256,8,4,4,0.001,natural,token,relu,0,single,59792,6600,1.0,1.0,0.00016485059955688417,0.0004953738759996,203.23631358146667,runs,16,32,0.0,0.0,0.8007929692608943,0.8789981924308402
moe_hd_n16_m8_h4_k4_lam0.001_natural_single_f0.8_wd1_rk1_s0,moe_hd,16,256,8,4,4,0.001,natural,token,relu,0,single,59792,7600,0.9986294664708761,0.9968676585747847,0.17379504113703806,0.2206611125471075,218.57371997833252,runs,16,32,0.0,0.0,1.2961540114899213,1.2279675142982944
moe_hd_n16_m8_h4_k4_lam0.001_natural_single_f0.8_wd1_rk1_s1,moe_hd,16,256,8,4,4,0.001,natural,token,relu,1,single,59792,3900,0.9999021047479197,0.9964761158966328,0.12330114333815162,0.17728272918247112,216.74850916862488,runs,16,32,0.0,0.0,1.2933057047148375,1.2894745517873065
moe_hd_n16_m8_h4_k4_lam0.001_natural_single_f0.8_wd1_rk1_s2,moe_hd,16,256,8,4,4,0.001,natural,token,relu,2,single,59792,4500,1.0,0.9996084573218481,0.088148711396384,0.11500648492560689,216.9105260372162,runs,16,32,0.0,0.0,1.3105410392436194,1.2892859532153638
moe_hd_n16_m8_h4_k4_lam0.001_random_single_f0.8_wd1_rk1_s0,moe_hd,16,256,8,4,4,0.001,random,token,relu,0,single,59792,-1,0.9973568281938326,0.8218480814408771,0.25217554033590306,0.7811314665720438,202.1298704147339,runs,16,32,0.0,0.0,1.3020280975734948,1.3432757276293348
moe_hd_n16_m8_h4_k4_lam0.01_natural_single_f0.8_wd1_rk1_s0,moe_hd,16,256,8,4,4,0.01,natural,token,relu,0,single,59792,3000,0.9999021047479197,0.9996084573218481,0.06303448632716899,0.08917135359630421,204.66820073127747,runs,16,32,0.0,0.0,1.3051514520707879,1.2359982780865377
moe_hd_n16_m8_h4_k4_lam0_natural_single_f0.8_wd1_rk1_s0,moe_hd,16,256,8,4,4,0.0,natural,token,relu,0,single,59792,6500,1.0,1.0,0.09471894132116526,0.14004406671367217,204.68668341636658,runs,16,32,0.0,0.0,1.2553477361232301,1.230744971255463
moe_hd_n32_m8_h4_k4_lam0.001_natural_single_f0.8_wd1_rk1_s0,moe_hd,32,1024,8,4,4,0.001,natural,token,relu,0,single,119584,8400,0.9998042094958395,0.9976507439310884,0.010805976781784408,0.022701553189390416,288.3772940635681,runs,16,32,0.0,0.0,1.336169398907385,1.3009919864157278
moe_hd_n32_m8_h4_k4_lam0.001_natural_single_f0.8_wd1_rk1_s1,moe_hd,32,1024,8,4,4,0.001,natural,token,relu,1,single,119584,9200,0.9999021047479197,0.9992169146436961,0.005665416969601804,0.011249156883197924,288.79178977012634,runs,16,32,0.0,0.0,1.3271914037712236,1.2853357321094427
moe_hd_n32_m8_h4_k4_lam0.001_natural_single_f0.8_wd1_rk1_s2,moe_hd,32,1024,8,4,4,0.001,natural,token,relu,2,single,119584,7900,1.0,0.9996084573218481,0.004732832719575991,0.011095979013943354,287.98634004592896,runs,16,32,0.0,0.0,1.3313743996726606,1.2994748174336646
moe_hd_n4_m8_h4_k4_lam0.001_natural_single_f0.8_wd1_rk1_s0,moe_hd,4,16,8,4,4,0.001,natural,token,relu,0,single,14948,3000,0.9945178658835047,0.9698512137823023,0.5373645336209006,0.6634796787820576,131.09589457511902,runs,16,32,0.0,0.0,1.0604612200866432,0.9972906522747493
moe_hd_n4_m8_h4_k4_lam0.001_natural_single_f0.8_wd1_rk1_s1,moe_hd,4,16,8,4,4,0.001,natural,token,relu,1,single,14948,3300,0.996769456681351,0.9815974941268598,0.5434557167385585,0.6667181745393256,128.73127341270447,runs,16,32,0.0,0.0,1.0683027123385433,0.9856134656732407
moe_hd_n4_m8_h4_k4_lam0.001_natural_single_f0.8_wd1_rk1_s2,moe_hd,4,16,8,4,4,0.001,natural,token,relu,2,single,14948,2600,0.998923152227117,0.9913860610806577,0.44250818104120776,0.5394346376088978,128.48675537109375,runs,16,32,0.0,0.0,0.9925145172449181,1.019178844682014
moe_hd_n64_m8_h4_k4_lam0.001_natural_single_f0.8_wd1_rk0_s0,moe_hd,64,4096,8,4,4,0.001,natural,token,relu,0,single,239168,-1,1.0,0.08966327329678934,3.754743468335488e-05,13.23028368490603,414.68076395988464,runs,16,32,0.0,0.0,0.7338579383375539,0.7279855903485749
moe_hd_n64_m8_h4_k4_lam0.001_natural_single_f0.8_wd1_rk1_s0,moe_hd,64,4096,8,4,4,0.001,natural,token,relu,0,single,239168,17600,1.0,0.9996084573218481,0.0006746507892991419,0.006531405467583784,450.10180020332336,runs,16,32,0.0,0.0,1.3422672535055105,1.3127798680477185
moe_hd_n64_m8_h4_k4_lam0.001_natural_single_f0.8_wd1_rk1_s1,moe_hd,64,4096,8,4,4,0.001,natural,token,relu,1,single,239168,26100,1.0,0.9913860610806577,0.0054954401838738605,0.06727218926653045,450.56299591064453,runs,16,32,0.0,0.0,1.335989025673727,1.3109343811100582
moe_hd_n64_m8_h4_k4_lam0.001_natural_single_f0.8_wd1_rk1_s2,moe_hd,64,4096,8,4,4,0.001,natural,token,relu,2,single,239168,-1,0.9998042094958395,0.9201252936570086,0.013552636862151248,0.30312809238418903,450.88970041275024,runs,16,32,0.0,0.0,1.328633779310211,1.3079956797297236
moe_hd_n8_m8_h4_k4_lam0.001_natural_single_f0.8_wd1_rk1_s0,moe_hd,8,64,8,4,4,0.001,natural,token,relu,0,single,29896,4500,0.9999021047479197,0.9972592012529365,0.30583788871298334,0.4003373566510254,177.3176872730255,runs,16,32,0.0,0.0,1.2293372558570896,1.115269845761916
moe_hd_n8_m8_h4_k4_lam0.001_natural_single_f0.8_wd1_rk1_s1,moe_hd,8,64,8,4,4,0.001,natural,token,relu,1,single,29896,5300,0.9998042094958395,0.9984338292873923,0.15734729738837647,0.20222075245020066,176.6851360797882,runs,16,32,0.0,0.0,1.2727408490900576,1.2527360940690944
moe_hd_n8_m8_h4_k4_lam0.001_natural_single_f0.8_wd1_rk1_s2,moe_hd,8,64,8,4,4,0.001,natural,token,relu,2,single,29896,5900,0.9996084189916788,0.9960845732184808,0.17160251671580548,0.22799861851201547,176.69762802124023,runs,16,32,0.0,0.0,1.2824341067413407,1.2025491410372018
moe_tt_n16_m8_h4_k4_lam0.001_natural_single_f0.8_wd1_rk1_s0,moe_tt,16,256,8,4,4,0.001,natural,token,relu,0,single,78480,2100,1.0,1.0,2.1744565787527764e-05,0.00016838972607719405,226.1741442680359,runs,16,32,0.0,0.0,1.3607409839034874,1.291582543266082
moe_tt_n16_m8_h4_k4_lam0.001_natural_single_f0.8_wd1_rk1_s1,moe_tt,16,256,8,4,4,0.001,natural,token,relu,1,single,78480,2000,1.0,1.0,2.8543820494363777e-05,0.0001874799222430869,225.47831201553345,runs,16,32,0.0,0.0,1.3672989808511358,1.2930147795177158
moe_tt_n16_m8_h4_k4_lam0.001_natural_single_f0.8_wd1_rk1_s2,moe_tt,16,256,8,4,4,0.001,natural,token,relu,2,single,78480,2000,1.0,1.0,2.2400936774628686e-05,0.0002487640457407235,225.59683918952942,runs,16,32,0.0,0.0,1.3555834098246506,1.2858511883815347
moe_tt_n32_m8_h4_k4_lam0.001_natural_single_f0.8_wd1_rk1_s0,moe_tt,32,1024,8,4,4,0.001,natural,token,relu,0,single,97296,2000,1.0,1.0,1.777351546232104e-06,6.421566149548058e-06,234.33219814300537,runs,16,32,0.0,0.0,1.3253043680876664,1.308804201756753
moe_tt_n32_m8_h4_k4_lam0.001_natural_single_f0.8_wd1_rk1_s1,moe_tt,32,1024,8,4,4,0.001,natural,token,relu,1,single,97296,2800,1.0,1.0,1.2696956567433436e-06,4.304178021177241e-06,234.16836667060852,runs,16,32,0.0,0.0,1.3382470350648645,1.3107100142804502
moe_tt_n32_m8_h4_k4_lam0.001_natural_single_f0.8_wd1_rk1_s2,moe_tt,32,1024,8,4,4,0.001,natural,token,relu,2,single,97296,2700,1.0,1.0,2.9115586181919307e-06,7.1528447192445245e-06,234.3106701374054,runs,16,32,0.0,0.0,1.3521049072621283,1.3142974404032466
moe_tt_n4_m8_h4_k4_lam0.001_natural_single_f0.8_wd1_rk1_s0,moe_tt,4,16,8,4,4,0.001,natural,token,relu,0,single,64368,1200,1.0,0.9561472200469852,2.9643769164004866e-06,0.1698045125676023,150.96385216712952,runs,16,32,0.0,0.0,1.2705203685458764,1.251342572063518
moe_tt_n4_m8_h4_k4_lam0.001_natural_single_f0.8_wd1_rk1_s1,moe_tt,4,16,8,4,4,0.001,natural,token,relu,1,single,64368,1000,1.0,0.9976507439310884,2.660059720657062e-06,0.004849663915910475,151.6029462814331,runs,16,32,0.0,0.0,1.2605152447358658,1.2619033807016165
moe_tt_n4_m8_h4_k4_lam0.001_natural_single_f0.8_wd1_rk1_s2,moe_tt,4,16,8,4,4,0.001,natural,token,relu,2,single,64368,1700,1.0,0.9420516836335161,3.5479325642494727e-06,0.29264481439194645,154.32496523857117,runs,16,32,0.0,0.0,1.2728567904355765,1.2565407110311775
moe_tt_n64_m8_h4_k4_lam0.001_natural_single_f0.8_wd1_rk1_s0,moe_tt,64,4096,8,4,4,0.001,natural,token,relu,0,single,134928,4700,1.0,1.0,1.3887956537893457e-06,3.4961149318197694e-06,317.7200839519501,runs,16,32,0.0,0.09375,1.3512153123873814,1.3498171453552879
moe_tt_n64_m8_h4_k4_lam0.001_natural_single_f0.8_wd1_rk1_s1,moe_tt,64,4096,8,4,4,0.001,natural,token,relu,1,single,134928,5200,1.0,1.0,1.2761720411052789e-06,4.154206643766412e-06,318.17852687835693,runs,16,32,0.0,0.0,1.3536859491024724,1.349755833400837
moe_tt_n64_m8_h4_k4_lam0.001_natural_single_f0.8_wd1_rk1_s2,moe_tt,64,4096,8,4,4,0.001,natural,token,relu,2,single,134928,3800,1.0,1.0,9.062981786415149e-06,1.9516460393309685e-05,317.49566650390625,runs,16,32,0.0,0.46875,1.3763030939686969,1.3507964611053467
moe_tt_n8_m8_h4_k4_lam0.001_natural_single_f0.8_wd1_rk1_s0,moe_tt,8,64,8,4,4,0.001,natural,token,relu,0,single,69072,1100,1.0,0.9960845732184808,0.0009325200532268089,0.013920863905079961,194.49683809280396,runs,16,32,0.0,0.0,1.3597895881285522,1.3226751494644784
moe_tt_n8_m8_h4_k4_lam0.001_natural_single_f0.8_wd1_rk1_s1,moe_tt,8,64,8,4,4,0.001,natural,token,relu,1,single,69072,1400,1.0,0.995301487862177,0.002295149452127316,0.02618098725727413,195.59801030158997,runs,16,32,0.0,0.0,1.3623734008772035,1.3189741239746395
moe_tt_n8_m8_h4_k4_lam0.001_natural_single_f0.8_wd1_rk1_s2,moe_tt,8,64,8,4,4,0.001,natural,token,relu,2,single,69072,2800,1.0,1.0,0.00025352409991107034,0.0017164233333913255,195.69094681739807,runs,16,32,0.0,0.0,1.3591267516818581,1.333733076132103
moe_tucker_n16_m8_h4_k4_lam0.001_interleave_single_f0.8_wd1_rk1_s0,moe_tucker,16,256,8,4,4,0.001,interleave,token,relu,0,single,287968,5100,1.0,0.9976507439310884,4.010675543380379e-05,0.00661294723546589,494.7640426158905,runs,16,32,0.0,0.0,1.3578759427451146,1.3548053562412417
moe_tucker_n16_m8_h4_k4_lam0.001_natural_single_f0.4_wd1_rk1_s0,moe_tucker,16,256,8,4,4,0.001,natural,token,relu,0,single,287968,6300,1.0,1.0,6.52171395713217e-07,2.203242980442662e-06,248.7468719482422,runs,16,32,0.0,0.0,1.2796016987922263,1.272914011174636
moe_tucker_n16_m8_h4_k4_lam0.001_natural_single_f0.6_wd1_rk1_s0,moe_tucker,16,256,8,4,4,0.001,natural,token,relu,0,single,287968,800,1.0,1.0,7.258350803481429e-07,9.32920664350503e-07,363.2248215675354,runs,16,32,0.0,0.0,1.270453431143422,1.2668622574293489
moe_tucker_n16_m8_h4_k4_lam0.001_natural_single_f0.8_wd1_rk0_s0,moe_tucker,16,256,8,4,4,0.001,natural,token,relu,0,single,287968,600,1.0,1.0,3.082752597030039e-07,5.512360298164487e-07,499.7704813480377,runs,16,32,0.0,0.0,1.0804344884416996,1.084153486741477
moe_tucker_n16_m8_h4_k4_lam0.001_natural_single_f0.8_wd1_rk1_s0,moe_tucker,16,256,8,4,4,0.001,natural,token,relu,0,single,287968,600,1.0,1.0,3.36983278065526e-07,4.513045979303453e-07,551.0265123844147,runs,16,32,0.0,0.0,1.2750580089748937,1.2650499322119573
moe_tucker_n16_m8_h4_k4_lam0.001_natural_single_f0.8_wd1_rk1_s1,moe_tucker,16,256,8,4,4,0.001,natural,token,relu,1,single,287968,700,1.0,1.0,1.685792836440409e-05,1.7609776886721187e-05,540.4836053848267,runs,16,32,0.0,0.0,1.3607912979817576,1.324009163721921
moe_tucker_n16_m8_h4_k4_lam0.001_natural_single_f0.8_wd1_rk1_s2,moe_tucker,16,256,8,4,4,0.001,natural,token,relu,2,single,287968,500,1.0,1.0,8.975002938371865e-07,1.3515597337692066e-06,550.7491698265076,runs,16,32,0.0,0.0,1.2789481560208709,1.267864020170065
moe_tucker_n16_m8_h4_k4_lam0.001_random_single_f0.8_wd1_rk1_s0,moe_tucker,16,256,8,4,4,0.001,random,token,relu,0,single,287968,1700,1.0,0.9980422866092404,0.00047816289620719235,0.00861381942999951,496.07205843925476,runs,16,32,0.0,0.0,1.3605089259134573,1.3602928216721197
moe_tucker_n16_m8_h4_k4_lam0.01_natural_single_f0.8_wd1_rk1_s0,moe_tucker,16,256,8,4,4,0.01,natural,token,relu,0,single,287968,800,1.0,1.0,2.4423955397692254e-05,4.490023842059548e-05,491.82078552246094,runs,16,32,0.0,0.0,1.2595131448967847,1.1609643296484418
moe_tucker_n16_m8_h4_k4_lam0_natural_single_f0.8_wd1_rk1_s0,moe_tucker,16,256,8,4,4,0.0,natural,token,relu,0,single,287968,500,1.0,1.0,1.6980576116958204e-06,1.8685403044394617e-06,493.53710198402405,runs,16,32,0.0,0.0,1.3824320776795471,1.3787757811507861
moe_tucker_n32_m8_h4_k4_lam0.001_natural_single_f0.8_wd1_rk1_s0,moe_tucker,32,1024,8,4,4,0.001,natural,token,relu,0,single,1090400,400,1.0,1.0,5.121960756435035e-07,5.472694762844589e-07,1047.2419519424438,runs,16,32,0.0,0.0,1.324027221245235,1.3124161558747245
moe_tucker_n32_m8_h4_k4_lam0.001_natural_single_f0.8_wd1_rk1_s1,moe_tucker,32,1024,8,4,4,0.001,natural,token,relu,1,single,1090400,500,1.0,1.0,3.1881303445773854e-07,3.2584160856593376e-07,1050.6876482963562,runs,16,32,0.0,0.0,1.3078034987734575,1.3090310613852678
moe_tucker_n32_m8_h4_k4_lam0.001_natural_single_f0.8_wd1_rk1_s2,moe_tucker,32,1024,8,4,4,0.001,natural,token,relu,2,single,1090400,600,1.0,1.0,2.8564686769810135e-07,3.266816768436434e-07,1048.593281030655,runs,16,32,0.0,0.0,1.3082889258343402,1.3091375740779316
moe_tucker_n4_m8_h4_k4_lam0.001_natural_single_f0.8_wd1_rk1_s0,moe_tucker,4,16,8,4,4,0.001,natural,token,relu,0,single,30880,900,1.0,1.0,1.6532439466819306e-06,2.4896666419254026e-06,154.7014675140381,runs,16,32,0.0,0.0,1.2646800314159903,1.2695115885427222
moe_tucker_n4_m8_h4_k4_lam0.001_natural_single_f0.8_wd1_rk1_s1,moe_tucker,4,16,8,4,4,0.001,natural,token,relu,1,single,30880,1200,1.0,0.995301487862177,2.304521834681096e-06,0.01039499179777356,154.5532202720642,runs,16,32,0.0,0.0,1.2728897606591778,1.2647162651304296
moe_tucker_n4_m8_h4_k4_lam0.001_natural_single_f0.8_wd1_rk1_s2,moe_tucker,4,16,8,4,4,0.001,natural,token,relu,2,single,30880,800,1.0,1.0,1.7119321071351794e-06,4.000961780548096e-06,154.25966262817383,runs,16,32,0.0,0.0,1.2645860480780478,1.2703914191133032
moe_tucker_n64_m8_h4_k4_lam0.001_natural_single_f0.8_wd1_rk0_s0,moe_tucker,64,4096,8,4,4,0.001,natural,token,relu,0,single,1121376,600,1.0,1.0,3.0328051245904003e-07,3.5893466938418296e-07,994.766147851944,runs,16,32,0.0,0.0,0.863840268384375,0.8485894204259656
moe_tucker_n64_m8_h4_k4_lam0.001_natural_single_f0.8_wd1_rk1_s0,moe_tucker,64,4096,8,4,4,0.001,natural,token,relu,0,single,1121376,600,1.0,1.0,6.303315634857016e-07,6.999911086964906e-07,1123.7553188800812,runs,16,32,0.0,0.015625,1.358059178028664,1.3480537272403343
moe_tucker_n64_m8_h4_k4_lam0.001_natural_single_f0.8_wd1_rk1_s1,moe_tucker,64,4096,8,4,4,0.001,natural,token,relu,1,single,1121376,500,1.0,1.0,2.567170847004906e-07,2.790728697703514e-07,1138.0935628414154,runs,16,32,0.0,0.0,1.3428280738836094,1.3436568118045433
moe_tucker_n64_m8_h4_k4_lam0.001_natural_single_f0.8_wd1_rk1_s2,moe_tucker,64,4096,8,4,4,0.001,natural,token,relu,2,single,1121376,500,1.0,1.0,2.550599356722114e-07,2.8360037285522407e-07,1136.1988604068756,runs,16,32,0.0,0.0,1.3427239437896443,1.3425947405997136
moe_tucker_n8_m8_h4_k4_lam0.001_natural_single_f0.8_wd1_rk1_s0,moe_tucker,8,64,8,4,4,0.001,natural,token,relu,0,single,83744,700,0.9992168379833578,0.9968676585747847,0.025901954639675685,0.02951546282906409,416.6144769191742,runs,16,32,0.0,0.0,1.3736346931593448,1.2980633294146384
moe_tucker_n8_m8_h4_k4_lam0.001_natural_single_f0.8_wd1_rk1_s1,moe_tucker,8,64,8,4,4,0.001,natural,token,relu,1,single,83744,1400,1.0,1.0,0.0005052013135808271,0.0007730780771773778,416.45196437835693,runs,16,32,0.0,0.0,1.3543857953889937,1.3469932313644668
moe_tucker_n8_m8_h4_k4_lam0.001_natural_single_f0.8_wd1_rk1_s2,moe_tucker,8,64,8,4,4,0.001,natural,token,relu,2,single,83744,600,0.9984336759667156,0.9976507439310884,0.023388069888510308,0.027915118164444867,412.64727091789246,runs,16,32,0.0,0.0,1.366374553991042,1.364394549065389
moe_vd_n16_m8_h4_k4_lam0.001_natural_single_f0.8_wd1_rk1_s0,moe_vd,16,256,8,4,4,0.001,natural,token,relu,0,single,59792,8600,1.0,0.9890368050117463,0.052314762035188755,0.16842151901735022,298.1332137584686,runs,16,32,0.0,0.0,1.3224310480593253,1.3218073200083478
moe_vd_n16_m8_h4_k4_lam0.001_natural_single_f0.8_wd1_rk1_s1,moe_vd,16,256,8,4,4,0.001,natural,token,relu,1,single,59792,19100,1.0,0.9980422866092404,0.03551711065186861,0.10803565590663543,298.92301774024963,runs,16,32,0.0,0.0,1.314644490629703,1.3231223413944058
moe_vd_n16_m8_h4_k4_lam0.001_natural_single_f0.8_wd1_rk1_s2,moe_vd,16,256,8,4,4,0.001,natural,token,relu,2,single,59792,21500,1.0,0.9702427564604542,0.0891574540327299,0.3297371024159407,298.69886898994446,runs,16,32,0.0,0.0,1.32061896402392,1.3132940868267449
moe_vd_n32_m8_h4_k4_lam0.001_natural_single_f0.8_wd1_rk1_s0,moe_vd,32,1024,8,4,4,0.001,natural,token,relu,0,single,119584,-1,1.0,0.6311667971808927,0.10502926998726597,1.5239418406176586,376.0790340900421,runs,16,32,0.0,0.0,1.3185235578308596,1.308444446708538
moe_vd_n32_m8_h4_k4_lam0.001_natural_single_f0.8_wd1_rk1_s1,moe_vd,32,1024,8,4,4,0.001,natural,token,relu,1,single,119584,-1,1.0,0.6808927173061864,0.09639503602239353,1.2650875847322827,376.202383518219,runs,16,32,0.0,0.0,1.314917362495301,1.3163418478651703
moe_vd_n32_m8_h4_k4_lam0.001_natural_single_f0.8_wd1_rk1_s2,moe_vd,32,1024,8,4,4,0.001,natural,token,relu,2,single,119584,-1,1.0,0.6335160532498042,0.09048613680383474,1.4210697374216914,376.3431484699249,runs,16,32,0.0,0.0,1.3139014979370032,1.31284317694682
moe_vd_n4_m8_h4_k4_lam0.001_natural_single_f0.8_wd1_rk1_s0,moe_vd,4,16,8,4,4,0.001,natural,token,relu,0,single,14948,-1,0.8757709251101321,0.7110415035238841,1.0429839027318895,1.401874204678935,213.85468578338623,runs,16,32,0.0,0.0,1.02229766627618,1.0393439416962302
moe_vd_n4_m8_h4_k4_lam0.001_natural_single_f0.8_wd1_rk1_s1,moe_vd,4,16,8,4,4,0.001,natural,token,relu,1,single,14948,-1,0.8958394517865883,0.7321848081440877,0.892893798947626,1.2379600626468286,221.0390920639038,runs,16,32,0.0,0.0,1.0857165297809153,1.1067413723789
moe_vd_n4_m8_h4_k4_lam0.001_natural_single_f0.8_wd1_rk1_s2,moe_vd,4,16,8,4,4,0.001,natural,token,relu,2,single,14948,-1,0.6777288301517377,0.4718089271730619,1.5606364051792707,2.062600179864918,224.15740418434143,runs,16,32,0.0,0.0,1.0343122348610634,1.0197609912183105
moe_vd_n64_m8_h4_k4_lam0.001_natural_single_f0.8_wd1_rk1_s0,moe_vd,64,4096,8,4,4,0.001,natural,token,relu,0,single,239168,-1,0.9913852178169359,0.010571652310101801,0.40558190553490575,7.7703403362372745,580.1880714893341,runs,16,32,0.0,0.0,1.2743154450117893,1.2748465664245405
moe_vd_n64_m8_h4_k4_lam0.001_natural_single_f0.8_wd1_rk1_s1,moe_vd,64,4096,8,4,4,0.001,natural,token,relu,1,single,239168,-1,0.9902104747919726,0.009005481597494126,0.4514560245732379,7.809948090005873,581.5879755020142,runs,16,32,0.0,0.0,1.2760134816533837,1.2713084664991947
moe_vd_n64_m8_h4_k4_lam0.001_natural_single_f0.8_wd1_rk1_s2,moe_vd,64,4096,8,4,4,0.001,natural,token,relu,2,single,239168,-1,0.9927557513460598,0.01096319498825372,0.3934067093619983,7.792417378377055,579.702428817749,runs,16,32,0.0,0.0,1.2754210580888095,1.2777203874325116
moe_vd_n8_m8_h4_k4_lam0.001_natural_single_f0.8_wd1_rk1_s0,moe_vd,8,64,8,4,4,0.001,natural,token,relu,0,single,29896,-1,0.9832599118942731,0.851213782302271,0.5911294736409386,0.9626071006876469,225.745680809021,runs,16,32,0.0,0.0,1.2787421132713657,1.2634891800559653
moe_vd_n8_m8_h4_k4_lam0.001_natural_single_f0.8_wd1_rk1_s1,moe_vd,8,64,8,4,4,0.001,natural,token,relu,1,single,29896,-1,0.9972589329417523,0.922866092404072,0.38180276401125796,0.6686176727223229,227.94477725028992,runs,16,32,0.0,0.0,1.2986553761755368,1.2801215593943125
moe_vd_n8_m8_h4_k4_lam0.001_natural_single_f0.8_wd1_rk1_s2,moe_vd,8,64,8,4,4,0.001,natural,token,relu,2,single,29896,-1,0.9827704356338718,0.8672670321064996,0.5785824021812286,0.9235207028191073,233.68350195884705,runs,16,32,0.0,0.0,1.2675552083421064,1.2541962689488522
